gene_start_end_direction	baseMean	log2FoldChange	lfcSE	stat	pvalue	padj	Regulation	Sample	Gene
PBCCJM_00477 (480024-480101)	40400.1307485219	4.54246853255353	0.0701104981986422	64.7901334217235	0	0	upregulated	LacFitz	PBCCJM_00477
ebh (914411-945676)	1343713.11410096	8.96696612760035	0.104290695793942	85.9804995962178	0	0	upregulated	LacFitz	ebh
sarV (1832019-1832369)	26350.4149400719	6.03304546436585	0.126792119005384	47.5821802781737	0	0	upregulated	LacFitz	sarV
fmhA (1975906-1977156)	9235.98659986349	4.09525214903517	0.0977144351365713	41.9104111210531	0	0	upregulated	LacFitz	fmhA
ywqE (2266704-2267471)	22015.2697753766	7.61706450003651	0.140694926248379	54.1388712666833	0	0	upregulated	LacFitz	ywqE
PBCCJM_02436 (2465629-2466600)	27074.5045463756	8.47846534111615	0.15586882404747	54.3948759024065	0	0	upregulated	LacFitz	PBCCJM_02436
wcaJ (2466563-2467255)	13956.0926144364	8.56545613364308	0.137499427527349	62.2944857856908	0	0	upregulated	LacFitz	wcaJ
PBCCJM_02439 (2468612-2469850)	24678.2054714525	6.82117397019922	0.105809528064684	64.4665380799095	0	0	upregulated	LacFitz	PBCCJM_02439
rfbX (2469840-2471270)	29241.2369894175	5.05249780329625	0.057806670601272	87.4033697278021	0	0	upregulated	LacFitz	rfbX
capA (2268177;2491497-2268839;2492165)	16007.8572052741	6.55214247846052	0.175579942563291	37.3171467241976	8.65184386438987e-305	2.00463222337913e-302	upregulated	LacFitz	capA
PBCCJM_02269 (2284638-2285762)	10017.3382625031	4.036378521776	0.11325164193467	35.6407947189359	3.27220414076991e-278	6.89245181287626e-276	upregulated	LacFitz	PBCCJM_02269
sak (1532714-1533205)	3947.12727785294	-4.41191013811393	0.140832647515535	-31.3273251333805	1.98148495757829e-215	3.82591720559076e-213	downregulated	LacFitz	sak
PBCCJM_01723 (1726431-1729739)	124276.650630174	8.28582835236086	0.283652156730652	29.2112298664058	1.39643722110339e-187	2.48888080099735e-185	upregulated	LacFitz	PBCCJM_01723
gLY1 (789979-791004)	6660.03804894089	5.45407636355318	0.188453680140159	28.9412037987097	3.62107313529198e-184	5.99287603890822e-182	upregulated	LacFitz	gLY1
marR (501193;1830273;2092352;2100237;2216563;24268-501612;1830713;2092816;2100671;2217018;24687)	19489.587318873	2.2303627978426	0.0783636631770949	28.4616964983143	3.49202410598045e-178	5.39401323570447e-176	upregulated	LacFitz	marR
ldhD (2103220-2104212)	107511.393915563	4.53618657553964	0.161367324190735	28.1109363267244	7.20102997542773e-174	1.04279915331663e-171	upregulated	LacFitz	ldhD
fmtB (1722303-1726184)	121071.531928532	7.62077876763461	0.301373480055024	25.2868260546457	4.45969067860412e-141	6.07829606019162e-139	upregulated	LacFitz	fmtB
lytN (706755-707873)	22495.8181892277	7.59742495424604	0.315743426803552	24.0620209616366	6.2483641277031e-128	8.0430331577156e-126	upregulated	LacFitz	lytN
PBCCJM_01017 (1050762-1051607)	1364.16840661796	-3.33350626582918	0.139834130738883	-23.8390030260492	1.31684358049879e-125	1.60585609263985e-123	downregulated	LacFitz	PBCCJM_01017
phnD (2481160-2482116)	8493.11452710134	6.78493232591248	0.290353036236883	23.3678711056324	9.07133866495569e-121	1.05091458433512e-118	upregulated	LacFitz	phnD
PBCCJM_01018 (1051600-1052529)	1198.83160890882	-3.44942900125669	0.151303882918689	-22.7980203463147	4.79723612990546e-115	5.29295052999569e-113	downregulated	LacFitz	PBCCJM_01018
ureC (1849988-1851703)	8895.55919949915	5.0937188161213	0.225495469977482	22.5890072941597	5.55826072648331e-113	5.85385913784628e-111	upregulated	LacFitz	ureC
PBCCJM_02174 (2169566-2169937)	566.74227128933	-3.36170374672067	0.15006075790651	-22.402284205542	3.73907958567945e-111	3.76671626087795e-109	downregulated	LacFitz	PBCCJM_02174
PBCCJM_02173 (2169282-2169578)	860.437881332766	-3.49677105372758	0.158324698041578	-22.0860743584635	4.30196319564958e-108	4.1531869684667e-106	downregulated	LacFitz	PBCCJM_02173
phnC (2480173-2480946)	3291.749623332	6.31385618383549	0.286840526204052	22.0117298883491	2.22344634349743e-107	2.06069007115341e-105	upregulated	LacFitz	phnC
PBCCJM_02588 (2642271-2643437)	849.340982774197	-2.4401804150888	0.116139690246691	-21.0107363805227	5.23171950927137e-98	4.6622669626853e-96	downregulated	LacFitz	PBCCJM_02588
splD (1384900-1385619)	3960.03517298919	5.28577763132817	0.252052904694488	20.970905444375	1.2094043682383e-97	1.03784811896598e-95	upregulated	LacFitz	splD
ureB (1849581-1849991)	2185.6361670351	5.71075079982476	0.285735254017399	19.9861610337975	7.26768216260043e-89	6.01400698955185e-87	upregulated	LacFitz	ureB
hfq (776210-776443)	3059.67316505662	3.04495947578907	0.152527140082948	19.963394541674	1.14653238054389e-88	9.16039836455237e-87	upregulated	LacFitz	hfq
fmhC (707901-709145)	18011.7218497808	5.9955742649693	0.30292944249214	19.7919826334638	3.49037709907968e-87	2.69573457952254e-85	upregulated	LacFitz	fmhC
mrp (1741833;2267468-1742897;2268160)	34646.0303628255	2.06627412159716	0.105716883318371	19.5453560182482	4.51828344558587e-85	3.37705249787821e-83	upregulated	LacFitz	mrp
PBCCJM_02175 (2169949-2170227)	286.512133981363	-3.51197789840274	0.181768350963063	-19.3211737895801	3.56452366960204e-83	2.58093791952123e-81	downregulated	LacFitz	PBCCJM_02175
phnE (2478559;2479371-2479374;2480171)	5551.77312088876	5.11642672791217	0.265968379725623	19.2369737078909	1.81500672563882e-82	1.27435472221368e-80	upregulated	LacFitz	phnE
yut (1848100-1849005)	2644.99118622226	3.92981734016469	0.20541461110186	19.1311480672424	1.38979517561061e-81	9.47104535849938e-80	upregulated	LacFitz	yut
PBCCJM_02587 (2641354-2642274)	700.542599104802	-2.2227921732885	0.117131918656917	-18.9768271430704	2.65131417727311e-80	1.7551699853548e-78	downregulated	LacFitz	PBCCJM_02587
ureE (1851716-1852168)	2406.92295920551	4.05302418413623	0.215720045681015	18.7883521503116	9.40548062342732e-79	5.88986448769759e-77	upregulated	LacFitz	ureE
ureA (1849265-1849567)	1234.60610483174	6.43250566440469	0.353553943433241	18.1938450521605	5.77434463112576e-74	3.5208306606101e-72	upregulated	LacFitz	ureA
opp4A (437661-439376)	8757.3900455063	8.68851493755553	0.481784745070471	18.0340183587271	1.05349675776761e-72	6.25885125063475e-71	upregulated	LacFitz	opp4A
essB (2651948-2653282)	646.828096346034	-3.07963959434721	0.178812955054187	-17.2226872119751	1.7945898362144e-66	1.03951616262719e-64	downregulated	LacFitz	essB
msaC (882895-883296)	412.651330474834	3.76190632841526	0.21869876780038	17.2013146953301	2.59574546822638e-66	1.4669127438733e-64	upregulated	LacFitz	msaC
pyrC (654124-655401)	10234.7737963513	-3.16174690982251	0.184394899850404	-17.1466071588074	6.66308835162777e-66	3.67580374064798e-64	downregulated	LacFitz	pyrC
splE (1384026-1384742)	4029.46251573409	4.74480012285455	0.277532214370899	17.0963941379199	1.57874991819231e-65	8.5068920010502e-64	upregulated	LacFitz	splE
esaA (2648234-2651263)	4607.04091537182	-3.46946852447973	0.204249404164695	-16.9864315573825	1.03497262803061e-64	5.32895906477093e-63	downregulated	LacFitz	esaA
splA (1387364-1388071)	4043.11848534768	5.39968107772742	0.320712960233977	16.8364916521866	1.31824079714048e-63	6.49864665313721e-62	upregulated	LacFitz	splA
ureF (1852161-1852850)	3595.07802835973	4.22302293798273	0.252378807930747	16.7328745729773	7.55045798222364e-63	3.64466898850254e-61	upregulated	LacFitz	ureF
ureD (1853477-1854313)	6309.90971804291	3.52800060825034	0.213021805708479	16.5616876475004	1.3184347824998e-61	6.1904743043744e-60	upregulated	LacFitz	ureD
splB (1386517-1387239)	4686.59413860587	5.48258200569575	0.346986362651595	15.8005691168927	3.08320470898602e-56	1.34788402089068e-54	upregulated	LacFitz	splB
ureG (1852863-1853477)	2710.80110869565	3.21612765669769	0.203562330318977	15.7992279399538	3.14950161811884e-56	1.35136949058914e-54	upregulated	LacFitz	ureG
splC (1385740-1386459)	4933.36707372102	5.10040141206711	0.323509278268825	15.765858213899	5.34414228977333e-56	2.25134139734633e-54	upregulated	LacFitz	splC
splF (1383156-1383875)	3915.10779982365	4.32118576284592	0.274342814331906	15.7510440846395	6.75566523091975e-56	2.79515648929304e-54	upregulated	LacFitz	splF
PBCCJM_00662 (669567-670520)	1319.18865474144	-2.09357918143296	0.135901569902774	-15.4051140316535	1.51222126690461e-53	5.9386723312169e-52	downregulated	LacFitz	PBCCJM_00662
irrE (1371056-1371697)	1629.21090401913	2.27199983460182	0.14819703565235	15.3309398167155	4.75063096471778e-53	1.83453532420851e-51	upregulated	LacFitz	irrE
PBCCJM_00609 (615729-615926)	249.868420795504	3.20253516518327	0.212756849552903	15.0525596328072	3.32130838114593e-51	1.22150341573256e-49	upregulated	LacFitz	PBCCJM_00609
PBCCJM_02740 (2789473-2790801)	5291.84961326017	-2.12229788782183	0.141245268441235	-15.0256211145566	4.98914892912833e-51	1.80622782324849e-49	downregulated	LacFitz	PBCCJM_02740
essE (2658492-2659169)	709.106711926933	-3.11432414567555	0.208399533136356	-14.9440073056106	1.7041168386932e-50	6.07452110038793e-49	downregulated	LacFitz	essE
sarT (2070358-2070714)	313.476672856713	-2.75456644034093	0.18542473593429	-14.855442163429	6.41433254274135e-50	2.25181946992905e-48	downregulated	LacFitz	sarT
clfB (2218140-2220839)	99213.3962985355	-3.74826026173188	0.253576690891043	-14.7815646957174	1.92638357999764e-49	6.66183694754407e-48	downregulated	LacFitz	clfB
fnbA (2076545-2079601)	1963.51066768649	-3.5751516298222	0.245042173655292	-14.589944157333	3.25463935939639e-48	1.1089704993708e-46	downregulated	LacFitz	fnbA
lukE (1400705-1401640)	1080.55798873961	4.12751949559989	0.284535055637733	14.5061897077983	1.10701328789119e-47	3.71731853339694e-46	upregulated	LacFitz	lukE
miaA (775260-776195)	7729.93885790867	2.4951014089579	0.173887282398597	14.3489585583289	1.0814907488274e-46	3.5797343786187e-45	upregulated	LacFitz	miaA
PBCCJM_02590 (2645299-2645952)	246.076252362918	-3.10552037727093	0.21799918427957	-14.2455596223163	4.77705769468273e-46	1.55893558853238e-44	downregulated	LacFitz	PBCCJM_02590
brkB (1468603-1469820)	11953.6281608028	-2.39404923454769	0.169562917649708	-14.1189433853305	2.90311483950006e-45	9.34238483766895e-44	downregulated	LacFitz	brkB
lukH (1574095-1575150)	11945.5245533017	-4.04616916391412	0.287617786745883	-14.0678683668789	5.98462477721886e-45	1.8738345417319e-43	downregulated	LacFitz	lukH
isaB (2229865-2230392)	10528.6555231112	2.69789854933654	0.191932634429049	14.0564868364471	7.02899776996859e-45	2.17149171106896e-43	upregulated	LacFitz	isaB
PBCCJM_02227 (2230650-2231108)	2326.3051121409	2.85897407058952	0.203636430563934	14.0396001966452	8.92145063596319e-45	2.71986856888509e-43	upregulated	LacFitz	PBCCJM_02227
PBCCJM_02112 (2105582-2106217)	853.954094356734	3.19959578134874	0.229459774764152	13.9440378368601	3.42029414009813e-44	1.02919760033862e-42	upregulated	LacFitz	PBCCJM_02112
PBCCJM_00760 (783109-783321)	413.052280323519	4.52383538766958	0.325824615266003	13.8842652633115	7.89053346121318e-44	2.34389308072191e-42	upregulated	LacFitz	PBCCJM_00760
PBCCJM_02591 (2645986-2646573)	387.037250686495	-2.40055396188655	0.173178127962854	-13.8617618178749	1.07990699648454e-43	3.16727153272745e-42	downregulated	LacFitz	PBCCJM_02591
essA (2651263-2651721)	653.830103612723	-3.46888699983446	0.25100536996225	-13.8199712633884	1.9314693651378e-43	5.59401814878037e-42	downregulated	LacFitz	essA
PBCCJM_01874 (1855667-1856410)	5540.943620594	3.9336639952962	0.285123105871766	13.7963704599422	2.68010690709142e-43	7.6664292638652e-42	upregulated	LacFitz	PBCCJM_01874
PBCCJM_00269 (279381-280220)	13162.7810131789	5.9977133391414	0.435268420137167	13.7793441050728	3.39341182536816e-43	9.58845756021711e-42	upregulated	LacFitz	PBCCJM_00269
esxC (2657773-2658165)	427.964968124092	-3.29899985523264	0.241312846222528	-13.6710494566478	1.5119870876879e-42	4.22081214719621e-41	downregulated	LacFitz	esxC
pyrB (653228-654109)	6355.73536791106	-3.25607914060058	0.239719299867937	-13.5828827399144	5.05952071034746e-42	1.39558446260417e-40	downregulated	LacFitz	pyrB
PBCCJM_02741 (2790798-2791121)	932.702795082241	-2.05641621141177	0.152950320229147	-13.4449944814165	3.2943036785701e-41	8.97988426264345e-40	downregulated	LacFitz	PBCCJM_02741
lukD (1399720-1400703)	953.467974669333	3.86148402572265	0.289083722591733	13.357666737868	1.06861501686355e-40	2.87904766752658e-39	upregulated	LacFitz	lukD
argC (2531993-2533027)	574.301063175269	2.45349007285073	0.184879795242603	13.270731231778	3.42224901704727e-40	9.11419652011326e-39	upregulated	LacFitz	argC
lukG (1573057-1574073)	8010.09187918037	-3.60723724099149	0.276709589122771	-13.0361844431456	7.61748102844407e-39	2.00564812987556e-37	downregulated	LacFitz	lukG
esxA (2647857-2648150)	18712.0274137313	-3.74319168433408	0.289770517152389	-12.9177796316854	3.57303994256859e-38	9.30194780554091e-37	downregulated	LacFitz	esxA
lpl10 (2788668-2789483)	1624.94800907845	-2.19582840484059	0.173891068507651	-12.6276089030068	1.48729227191989e-36	3.78687493850373e-35	downregulated	LacFitz	lpl10
PBCCJM_01351 (1402523-1402978)	306.912615616198	2.03619583000343	0.164026944643474	12.4137886883723	2.19991144287624e-35	5.36546822436236e-34	upregulated	LacFitz	PBCCJM_01351
yzzA (1947305-1947727)	3911.38552416841	-2.53682575154799	0.206516994096577	-12.28385955667	1.10593596358654e-34	2.66922252878127e-33	downregulated	LacFitz	yzzA
PBCCJM_00761 (783615-783821)	1043.93590416357	2.14149350299742	0.175894161290564	12.1748981733387	4.22921564744404e-34	9.99907413788555e-33	upregulated	LacFitz	PBCCJM_00761
tdcB (948975-950015)	16424.5960678547	-4.27149735578991	0.352411089134647	-12.1207802123329	8.19750108132461e-34	1.89936100054291e-32	downregulated	LacFitz	tdcB
sasC (1322309-1328869)	44472.1446597024	5.55527456844489	0.465071952126139	11.9449787136124	6.8968009261319e-33	1.58216710354927e-31	upregulated	LacFitz	sasC
pxpA (1156327-1157079)	1508.72980521235	2.74433542334026	0.236055300236667	11.6258157329609	3.04669112394697e-31	6.78767628287031e-30	upregulated	LacFitz	pxpA
norB (946074-947465)	13059.0140395104	-4.11163763610899	0.364301236525775	-11.2863674999305	1.53239690097909e-29	3.17014608890049e-28	downregulated	LacFitz	norB
esxB (2658181-2658495)	171.458579400986	-3.00458524913002	0.268360316102765	-11.1960862647793	4.26146886010348e-29	8.66124855163137e-28	downregulated	LacFitz	esxB
PBCCJM_00416 (418357-420171)	2357.29614232465	2.49654670992435	0.223467694264513	11.1718461952234	5.60045627334197e-29	1.12837019002899e-27	upregulated	LacFitz	PBCCJM_00416
ugpQ1 (2581278-2583041)	6234.74192328863	-2.00646221837901	0.182895264756691	-10.9705531252996	5.29474934856762e-28	1.01387886286208e-26	downregulated	LacFitz	ugpQ1
essC (2653304-2657743)	3130.26088708769	-3.23752536791084	0.302292804594656	-10.7098988752049	9.14616648174404e-27	1.69533341905607e-25	downregulated	LacFitz	essC
PBCCJM_00608 (615599-615745)	130.971136123666	3.83303224247121	0.359810788496242	10.6529108215199	1.68996497733899e-26	3.08318807283027e-25	upregulated	LacFitz	PBCCJM_00608
fetB (2027622-2028398)	3855.10449268604	-2.70830464602077	0.263534816652633	-10.2768381059517	8.96195529519491e-25	1.5851030854173e-23	downregulated	LacFitz	fetB
ridA (2849879-2850259)	6044.40975214019	-2.038310487198	0.200242779575122	-10.1791959316731	2.45582168735193e-24	4.31071124969274e-23	downregulated	LacFitz	ridA
PBCCJM_02592 (2646716-2647618)	3771.41441959768	-3.59498186632666	0.353834153775305	-10.1600759224888	2.98843646561505e-24	5.20617089536095e-23	downregulated	LacFitz	PBCCJM_02592
esxD (2659175-2659486)	209.436801617842	-2.59942021164133	0.26021570586057	-9.98948239132869	1.69464312780431e-23	2.80463437651613e-22	downregulated	LacFitz	esxD
gtfB (2244510-2245868)	2939.56058616164	-2.41933671419343	0.243325661166208	-9.94279313820855	2.71116543412284e-23	4.42378190905819e-22	downregulated	LacFitz	gtfB
PBCCJM_02452 (2482345-2483889)	1001.89818047571	3.57799875975096	0.36297050604731	9.85754682581455	6.35838781044212e-23	1.03023668229331e-21	upregulated	LacFitz	PBCCJM_02452
gtfA (2245861-2247369)	3511.59301428048	-2.64347907050373	0.268652657668002	-9.83976519514098	7.58877412143816e-23	1.22105483606752e-21	downregulated	LacFitz	gtfA
mntH (557806;1155085-559158;1156314)	15505.9809984589	2.2602184028152	0.233537515349668	9.6781812525112	3.73297464144018e-22	5.73476282824299e-21	upregulated	LacFitz	mntH
carA (655403-656503)	5752.77664997708	-2.36957573389456	0.245581846707999	-9.64882284932089	4.97232051389912e-22	7.57951752020017e-21	downregulated	LacFitz	carA
mtlD (1720878-1721984)	3422.64629168323	-3.59839895148497	0.379809558794809	-9.47421903467415	2.68763566049621e-21	4.01758182281917e-20	downregulated	LacFitz	mtlD
dprA (709318-710190)	1505.91420788107	3.02296060788666	0.329648979876476	9.17024105161619	4.71962471705739e-20	6.83460654338873e-19	upregulated	LacFitz	dprA
msrA (2265490;11516-2265966;11542)	536.098170474229	2.01987679327151	0.222504123172823	9.07792972313878	1.10659574559524e-19	1.59253561648706e-18	upregulated	LacFitz	msrA
lytS (2623437-2625191)	7658.42065742037	-2.18491337257828	0.240891591011171	-9.07011059791191	1.18896270321634e-19	1.7005102366372e-18	downregulated	LacFitz	lytS
PBCCJM_01714 (1710080-1711216)	1579.21380315152	-2.51319993437271	0.279246898395013	-8.99992067527865	2.25880827455384e-19	3.21083360254064e-18	downregulated	LacFitz	PBCCJM_01714
PBCCJM_02589 (2643505-2645028)	7420.9852566229	-3.71405514153044	0.418298026494351	-8.87896883630313	6.74830096457107e-19	9.30703174697094e-18	downregulated	LacFitz	PBCCJM_02589
mtlF (1720444-1720878)	612.269879365553	-3.52055664510234	0.403079080918494	-8.73415865958629	2.45476356431463e-18	3.30679487123081e-17	downregulated	LacFitz	mtlF
PBCCJM_02076 (2064089-2064355)	3830.84382135139	-3.6646289666263	0.422651063018522	-8.67057790048833	4.2993269355381e-18	5.69230886265244e-17	downregulated	LacFitz	PBCCJM_02076
PBCCJM_02465 (2493654-2494658)	145.322092472716	-2.60356858265092	0.303547842278141	-8.57712762216005	9.72716727046375e-18	1.25909757350081e-16	downregulated	LacFitz	PBCCJM_02465
znuA (149113-150042)	24137.0760683885	-2.02552204898725	0.236332371783399	-8.57065002861168	1.02902527077028e-17	1.32458419576375e-16	downregulated	LacFitz	znuA
crtN (2145939-2147447)	2297.99033203049	-2.19672259941325	0.256964467463598	-8.54874069203533	1.24438735915955e-17	1.59295332108988e-16	downregulated	LacFitz	crtN
lacD (1773654-1774634)	2935.08133149358	5.07054399057484	0.593888692785207	8.53786922056911	1.36719533729683e-17	1.74054483325097e-16	upregulated	LacFitz	lacD
PBCCJM_01317 (1366618-1367100)	610.590377044009	2.20866430681329	0.262923165224272	8.40041730415544	4.44894758706347e-17	5.42537450485582e-16	upregulated	LacFitz	PBCCJM_01317
PBCCJM_02405 (2426714-2427484)	226.323042678656	-2.42875208436706	0.292490241685359	-8.30370295560062	1.00915758738185e-16	1.20861006100667e-15	downregulated	LacFitz	PBCCJM_02405
lacC (1774638-1775570)	3761.45775274741	4.91356324308597	0.59450587848475	8.26495316683737	1.39749596633638e-16	1.66051187384687e-15	upregulated	LacFitz	lacC
crtQ (2148359-2149486)	778.573629030942	-2.82382838123227	0.342266444649377	-8.25038044300558	1.57891067192045e-16	1.86649797287739e-15	downregulated	LacFitz	crtQ
cap8B (2492181-2492867)	263.220149611199	-2.77586205388318	0.337125505332644	-8.23391291959421	1.81195425799912e-16	2.12035253322422e-15	downregulated	LacFitz	cap8B
cwrA (2139911-2140102)	1854.14378965994	2.59699861097387	0.317323490802219	8.18407299254289	2.74407723827922e-16	3.14753809955097e-15	upregulated	LacFitz	cwrA
lCB5 (246155-247072)	3678.39917616761	-2.07210014779119	0.254599894322945	-8.13865281956032	3.99700315231872e-16	4.5175884409378e-15	downregulated	LacFitz	lCB5
lacB (1775583-1776098)	1446.96836977034	4.99452579741729	0.624681075432632	7.99532112279575	1.29236582374192e-15	1.42591029219525e-14	upregulated	LacFitz	lacB
metL1 (799417;874404-800799;875609)	6283.19647279805	-2.45369312314118	0.306979457756247	-7.99302057888674	1.31672139677704e-15	1.44589738214805e-14	downregulated	LacFitz	metL1
lacA (1776114-1776542)	1000.7743822705	5.29645661466702	0.662921519153539	7.98956808858743	1.35412322156766e-15	1.47995448319447e-14	upregulated	LacFitz	lacA
PBCCJM_01506 (1526635-1528389)	1580.90017732273	-2.21922008946255	0.282892958177311	-7.84473429017483	4.33871156154499e-15	4.54877587696821e-14	downregulated	LacFitz	PBCCJM_01506
lacF (1773321-1773632)	561.936170421227	5.10305179198342	0.652020534117315	7.82652006334705	5.01559299924084e-15	5.2347427834419e-14	upregulated	LacFitz	lacF
PBCCJM_00303 (313969-314697)	2514.9623996826	-3.15803102728932	0.403906248977202	-7.81872287266239	5.33619410906524e-15	5.54437746668348e-14	downregulated	LacFitz	PBCCJM_00303
PBCCJM_02054 (2045107-2045472)	362.831154655227	-2.32916437408066	0.297999274406645	-7.81600686350103	5.45254032435708e-15	5.63327656701501e-14	downregulated	LacFitz	PBCCJM_02054
phnB (2174409-2174858)	2764.26644767079	-2.34503142198414	0.303046402634916	-7.73819257247291	1.00840034108619e-14	1.02028977742214e-13	downregulated	LacFitz	phnB
PBCCJM_02078 (2064915-2065085)	224.135617416493	-3.50693120975568	0.453683166140502	-7.72991257222361	1.07620469149396e-14	1.08415924790935e-13	downregulated	LacFitz	PBCCJM_02078
lrgB (2626483-2627184)	9230.95152830769	-4.41352045340668	0.576030384503612	-7.66195772330654	1.83119925471494e-14	1.79783418354852e-13	downregulated	LacFitz	lrgB
PBCCJM_02077 (2064499-2064807)	1124.65470471011	-3.19651352565758	0.43149029821206	-7.40807739803832	1.28143514840954e-13	1.1597989214316e-12	downregulated	LacFitz	PBCCJM_02077
lacE (1771603-1773315)	6115.44862998536	4.38326558468718	0.59896822216857	7.31802693775226	2.51643357870989e-13	2.22770085161515e-12	upregulated	LacFitz	lacE
crtM (2147459-2148322)	534.768318104247	-2.59639336082945	0.354800872327649	-7.31788888735244	2.51902297420445e-13	2.22770085161515e-12	downregulated	LacFitz	crtM
yocR (2802223-2803560)	18350.4591979716	-2.30993631104466	0.319544259190041	-7.2288462227415	4.87114617859583e-13	4.18016507252094e-12	downregulated	LacFitz	yocR
cap8C (2492870-2493634)	222.707576955034	-2.93501750843425	0.411486623302006	-7.13271669655256	9.84069737850624e-13	8.20176108848883e-12	downregulated	LacFitz	cap8C
lnsB (2034009-2034758)	4069.63977274572	-2.27262343605368	0.320347227678589	-7.09425036240317	1.30054503524745e-12	1.07620101666727e-11	downregulated	LacFitz	lnsB
PBCCJM_02281 (2295836-2295982)	590.579040966884	-3.29854757121452	0.466318768355729	-7.07358955944539	1.50976406088389e-12	1.24488374699928e-11	downregulated	LacFitz	PBCCJM_02281
PBCCJM_02038 (2028391-2029053)	1742.4793338437	-2.4391573608564	0.346477017301479	-7.03988212509353	1.92402528275758e-12	1.56419880005239e-11	downregulated	LacFitz	PBCCJM_02038
wbiI (2494624-2495478)	127.648412856361	-2.62958147099342	0.380775967905591	-6.90584935141022	4.99039353838972e-12	3.94632826909521e-11	downregulated	LacFitz	wbiI
lytR (2625194-2625934)	3253.12409483617	-2.14157331006578	0.319581265952092	-6.70118538921747	2.06735556302329e-11	1.55018214871358e-10	downregulated	LacFitz	lytR
fnbB (2073041-2075863)	1456.94427730076	-2.02326965822268	0.307230164802041	-6.58551760217406	4.53303382891864e-11	3.26181347254798e-10	downregulated	LacFitz	fnbB
abgT (2046786-2048324)	2578.38080795031	-2.47604091648622	0.379287762925751	-6.5281328809201	6.65946045536164e-11	4.71864522173484e-10	downregulated	LacFitz	abgT
uraA (651893-653200)	9579.18509987593	-2.33517215109769	0.3626406023672	-6.43935658570621	1.19981021894837e-10	8.34822906097108e-10	downregulated	LacFitz	uraA
scn (1530150-1530500)	17870.7424045402	-2.49516711675797	0.388311298536619	-6.42568765359442	1.31274709124291e-10	9.07948252198177e-10	downregulated	LacFitz	scn
opp4C (442363-443244)	837.401000127904	2.25401810541467	0.359889840251411	6.26307790139356	3.77451932562125e-10	2.50589148351417e-09	upregulated	LacFitz	opp4C
merR (1781070-1781486)	259.093710606008	-2.32806307408973	0.382040556134659	-6.09375899156935	1.10289667921511e-09	7.09836557150393e-09	downregulated	LacFitz	merR
scb (611447-611797)	2142.36205470347	-2.539968966516	0.417291051332893	-6.08680430218415	1.15186620166004e-09	7.39300274029448e-09	downregulated	LacFitz	scb
efeB (2714211-2715440)	1323.6232307968	3.49401001252998	0.58465260266719	5.97621561349471	2.28380691484867e-09	1.41865432217275e-08	upregulated	LacFitz	efeB
lacG (1770173-1771585)	4516.29409178522	3.34132863696372	0.562737383176511	5.93763403117588	2.89164625313625e-09	1.77247205516315e-08	upregulated	LacFitz	lacG
efb (610796-611293)	3256.33757083164	-2.49124593459089	0.425013364851343	-5.86157081310197	4.58508864672692e-09	2.76657562355892e-08	downregulated	LacFitz	efb
fTR1 (2715421-2717133)	1624.25060543657	3.31968663070604	0.579413522932126	5.72939101232353	1.00791822110907e-08	5.88248493277007e-08	upregulated	LacFitz	fTR1
crtP (2149492-2150985)	998.020118890118	-2.60667484865346	0.464295947152511	-5.61425285885003	1.97413357541321e-08	1.10484722082909e-07	downregulated	LacFitz	crtP
graF (531919-532053)	930.201630513917	-2.81870608483065	0.514500895685552	-5.47852512690932	4.28885690750211e-08	2.31638262346909e-07	downregulated	LacFitz	graF
ssaA2 (1859001-1859804)	21279.2023292094	-2.08942840883123	0.38526104720648	-5.42340946218579	5.84728384719022e-08	3.12169508616123e-07	downregulated	LacFitz	ssaA2
crtO (2150978-2151475)	190.193739657833	-2.73965076137908	0.506878913680431	-5.40494127381737	6.48296300711958e-08	3.41386938352183e-07	downregulated	LacFitz	crtO
yozE (327782;2122564;905703;2192607-327985;2122782;905924;2192819)	101725.720898631	-2.10213392298463	0.390023971240371	-5.38975570219269	7.05535271238567e-08	3.70685991714231e-07	downregulated	LacFitz	yozE
amaP (1763939-1764475)	24776.7481580555	-4.73970830602582	0.889373971801204	-5.32926356775062	9.86118018453691e-08	5.10007912669018e-07	downregulated	LacFitz	amaP
lrgA (2626053-2626490)	6227.86948558535	-4.80647162533902	0.923019763708725	-5.20733337932707	1.91573726295401e-07	9.67050814436696e-07	downregulated	LacFitz	lrgA
feoA (2133358-2133585)	79.0682421971106	4.21057899149455	0.815198129822453	5.16509893418376	2.40311780641726e-07	1.20519999079411e-06	upregulated	LacFitz	feoA
esaB (2651693-2651935)	22.3082431276062	-3.07918064507378	0.596417445011383	-5.16279439984357	2.43290313737191e-07	1.21750249876689e-06	downregulated	LacFitz	esaB
pbp4 (159062-160357)	5928.17455490261	-2.56653852731641	0.501253538465933	-5.12024021849542	3.05146705653514e-07	1.52376059698102e-06	downregulated	LacFitz	pbp4
nikA (2596160-2597635)	3448.95561428191	-2.23995748261884	0.440965507518871	-5.07966597029811	3.78099077847475e-07	1.8679223099629e-06	downregulated	LacFitz	nikA
PBCCJM_01758 (1762735-1763079)	31.4334589873624	-2.18489486375748	0.437832861947692	-4.99024868539566	6.03016082706119e-07	2.90475730484424e-06	downregulated	LacFitz	PBCCJM_01758
ycjR (2570260-2571228)	1924.18568792147	-2.01478693224682	0.421746027171695	-4.77725171653268	1.7770726376706e-06	8.02627154285143e-06	downregulated	LacFitz	ycjR
sdrE (67657-71121)	12417.5917204984	-2.11503516944341	0.449551558852503	-4.70476662308127	2.54156518741749e-06	1.13903414685615e-05	downregulated	LacFitz	sdrE
efeO (2713360-2714214)	662.837517477436	2.66386888587942	0.590225648803727	4.51330587086238	6.38248702926853e-06	2.72845432598066e-05	upregulated	LacFitz	efeO
agrA (1593273-1593989)	46197.9144057411	-2.25460188867462	0.504971402286385	-4.46481103378595	8.01394504555569e-06	3.38967656985091e-05	downregulated	LacFitz	agrA
opp3b (431749-432675)	1161.44703114678	-2.12798882240617	0.482985876965005	-4.40590278907959	1.05344202082392e-05	4.35084699153124e-05	downregulated	LacFitz	opp3b
opp3C (432675-433745)	1249.49517724551	-2.21526099703871	0.50531146187014	-4.38395161043865	1.16545671806489e-05	4.78787804212119e-05	downregulated	LacFitz	opp3C
PBCCJM_01760 (1763687-1763926)	7714.61182555508	-4.61767202984648	1.06133038771298	-4.35083371144862	1.35620877944305e-05	5.51286972275357e-05	downregulated	LacFitz	PBCCJM_01760
sarS (2447450-2448202)	5253.83635128393	-2.21303397485271	0.526427366740719	-4.20387334449254	2.62385795930442e-05	0.000101742931934654	downregulated	LacFitz	sarS
PBCCJM_01149 (1176704-1176850)	853.17313338864	-2.8391902141928	0.680262024081577	-4.17367148787409	2.99729860277577e-05	0.000115169831884435	downregulated	LacFitz	PBCCJM_01149
PBCCJM_02284 (2299501-2300076)	606.245814567287	-2.02012548120786	0.489382618986465	-4.12790606538425	3.66081592970592e-05	0.000138143517288174	downregulated	LacFitz	PBCCJM_02284
fpr (2598545-2599690)	33984.8221246865	-2.06337761378986	0.573745948841062	-3.59632624501798	0.000322742987802088	0.00102719162463934	downregulated	LacFitz	fpr
asp23 (1763115-1763624)	38545.8122416384	-3.72218332709711	1.16701827541288	-3.18948160925777	0.0014252820754113	0.00397876935991322	downregulated	LacFitz	asp23
ebh (905874-935588)	415978.666886084	7.12648569895194	0.127437976840626	55.9212086979717	0	0	upregulated	MW2	ebh
sarU (2039476-2040219)	47707.2621187926	9.7275699830543	0.23454945249776	41.4734286499653	0	0	upregulated	MW2	sarU
lytN (698053-699171)	20290.8176652614	7.47440821832437	0.202668522060493	36.8799660762976	9.68148317386215e-298	7.23206793088614e-295	upregulated	MW2	lytN
tarM (475515-476996)	14056.4920996572	6.63019315724171	0.181540872207819	36.5217654658604	5.0064281539246e-292	2.80485137323626e-289	upregulated	MW2	tarM
DBIAII_02021 (2034376-2038491)	339542.661082575	9.4507559957062	0.275811927996808	34.265218565223	2.58828417482065e-257	1.16006896715461e-254	upregulated	MW2	DBIAII_02021
fmhC (699199-700443)	15498.4218222747	5.61582329738013	0.176119103033238	31.8865086220675	4.10745748163892e-223	1.53413536939214e-220	upregulated	MW2	fmhC
efeO (2653647-2654501)	1876.08932456484	4.02598344197199	0.128837838113769	31.2484554298162	2.3430271152549e-214	7.50103395040888e-212	upregulated	MW2	efeO
sarV (1801240-1801590)	6863.00862284208	4.15190409408889	0.133053044339296	31.2048785858758	9.14855534302567e-214	2.56273906546507e-211	upregulated	MW2	sarV
DBIAII_00467 (475222-475509)	2333.03798465021	8.47703040791063	0.277810662295205	30.5136971269405	1.71508840176758e-204	4.27057012040127e-202	upregulated	MW2	DBIAII_00467
sdrD (63345-67388)	26453.7666324276	4.80386039030743	0.165697703642812	28.9917137334802	8.36889595733793e-185	1.87546958403943e-182	upregulated	MW2	sdrD
efeB (2654498-2655727)	3410.33341035739	4.23791872905055	0.147739289818916	28.6851164253258	5.8507407465987e-181	1.19195545573888e-178	upregulated	MW2	efeB
sarT (2038796-2039152)	4596.2700188437	6.69963353318082	0.234481569661949	28.5721114151516	1.49258960885797e-179	2.78741109454227e-177	upregulated	MW2	sarT
DBIAII_02497 (2580244-2580636)	1619.13900221902	4.5188894469031	0.184014749664505	24.5572132404708	3.6219332019789e-133	6.24365561971901e-131	upregulated	MW2	DBIAII_02497
DBIAII_02343 (2404401-2405372)	987.023948366622	3.74136654453777	0.158307474033105	23.6335433142934	1.74288334597649e-123	2.78985827023809e-121	upregulated	MW2	DBIAII_02343
yut (1817212-1818117)	1712.75429377184	2.34354664720974	0.103510490207042	22.6406680378209	1.7241089755146e-113	2.57581880941881e-111	upregulated	MW2	yut
spa (2384323-2385801)	923235.950701574	8.3889553536205	0.372591301879675	22.515166916939	2.94826314711919e-112	4.12941107043381e-110	upregulated	MW2	spa
fTR1 (2655708-2657420)	4795.96825760162	4.03550505736948	0.185793603576207	21.7203659312966	1.31725673159603e-104	1.73645431500394e-102	upregulated	MW2	fTR1
ureF (1821273-1821962)	5740.32710310682	3.81496359254835	0.180211258406458	21.1693965531492	1.82884010965289e-99	2.27690593651785e-97	upregulated	MW2	ureF
hysA (1758739-1761186)	1904.56562183325	-2.88943390667	0.136750410625179	-21.129252142355	4.28276512774357e-99	5.05140876382808e-97	downregulated	MW2	hysA
ureA (1818377-1818679)	2552.12423187383	4.99234091493844	0.238814578617077	20.9046740104729	4.85503737034408e-97	5.44006937347054e-95	upregulated	MW2	ureA
gLY1 (780921-781946)	1532.03173504547	3.07877433564363	0.148146856337062	20.7819079781135	6.31004624574327e-96	6.73372077938603e-94	upregulated	MW2	gLY1
ureG (1821975-1822589)	5849.27234300233	3.34204109199667	0.161091454190374	20.7462345460432	1.32577044227464e-95	1.35047798233521e-93	upregulated	MW2	ureG
ureD (1822589-1823425)	10766.8486590998	3.37452201181981	0.165984252780895	20.330374449884	6.92718533340551e-92	6.74948797050511e-90	upregulated	MW2	ureD
capA (2235372-2236034)	853.067364696029	4.02568479665538	0.199088439247339	20.2205854437085	6.45130298747324e-91	6.02390416455313e-89	upregulated	MW2	capA
DBIAII_00603 (613910-614137)	2696.58940324739	2.39825450837919	0.120188300109718	19.9541428424386	1.37968585630575e-88	1.23675040159248e-86	upregulated	MW2	DBIAII_00603
wcaJ (2405335-2406027)	527.542061482642	4.04832561945836	0.202943606351937	19.9480323240039	1.5590428517842e-88	1.34377501186477e-86	upregulated	MW2	wcaJ
DBIAII_00998 (1039307-1041193)	2592.36563095922	-2.54195134874875	0.129270465798246	-19.6638213767714	4.40280089996998e-86	3.65432474697509e-84	downregulated	MW2	DBIAII_00998
DBIAII_00999 (1041345-1042253)	1170.82478937752	-3.79573724164715	0.201286674018639	-18.8573697695242	2.55623949446272e-79	2.04590453824677e-77	downregulated	MW2	DBIAII_00999
ureC (1819100-1820815)	14791.1450277135	4.27721376638527	0.228429570305667	18.7244311700181	3.12996952772666e-78	2.41871093504671e-76	upregulated	MW2	ureC
fmtB (1702417;1704535-1704477;1709922)	11185.3486933667	2.94891420551106	0.160540546469721	18.3686568306733	2.34134565903682e-75	1.74898520730051e-73	upregulated	MW2	fmtB
DBIAII_02650 (2735571-2736896)	4244.06430403501	-3.29385228947574	0.181630120953139	-18.1349451962627	1.68867325863039e-73	1.220747345997e-71	downregulated	MW2	DBIAII_02650
DBIAII_02211 (2251832-2252956)	8287.35334638677	3.51505343222017	0.196629625711714	17.8765199775832	1.79709915027898e-71	1.25853099867974e-69	upregulated	MW2	DBIAII_02211
DBIAII_02651 (2736893-2737216)	711.687635193565	-3.11031070533563	0.18097369195271	-17.1865350801838	3.34962099422386e-66	2.27469716607748e-64	downregulated	MW2	DBIAII_02651
argF (609919;2191092-610920;2192102)	2003.83281489702	-2.01200953727731	0.117307552050389	-17.1515772182602	6.11694757158569e-66	4.03178809056575e-64	downregulated	MW2	argF
lpl9 (2734766-2735581)	2701.22249530603	-3.66639561148763	0.214982603424826	-17.0543827876272	3.24280021704937e-65	2.07631865325932e-63	downregulated	MW2	lpl9
sarS (2386222-2386974)	35308.3135226265	3.20318929179063	0.187972826911367	17.0407039380272	4.09769642267536e-65	2.55081602311541e-63	upregulated	MW2	sarS
msaC (874314-874715)	429.645568709867	2.85100349288873	0.168728035122333	16.8970348692893	4.73106531307849e-64	2.86549118016457e-62	upregulated	MW2	msaC
ureE (1820828-1821280)	3699.24773641536	3.79248590906075	0.228044247477031	16.6304826849129	4.19203527008347e-62	2.47219764217291e-60	upregulated	MW2	ureE
arcA (2192135-2193370)	2888.86651567674	-2.85946311597957	0.173480854834354	-16.4828742555477	4.87128653985936e-61	2.66257393556703e-59	downregulated	MW2	arcA
sdrE (67782-71207)	44652.2179104598	-3.02703030165314	0.185773063685969	-16.2942368586332	1.08448869684464e-59	5.78652183244959e-58	downregulated	MW2	sdrE
ureB (1818693-1819103)	4123.11254410872	4.73146667766243	0.301766372308052	15.6792376879966	2.09756463563544e-55	1.09317263917652e-53	upregulated	MW2	ureB
crtN (2111892-2113400)	5332.43177555425	-2.8395319579355	0.183420193057769	-15.4810215309345	4.660138201285e-54	2.37349311569993e-52	downregulated	MW2	crtN
DBIAII_02627 (2711380-2712069)	2068.06746124084	2.28149273714197	0.147643384733334	15.4527257774717	7.23193334647627e-54	3.60150280654518e-52	upregulated	MW2	DBIAII_02627
DBIAII_02652 (2737235-2737549)	1273.7850952133	-2.62944517241925	0.172203182682653	-15.2694342314506	1.22228933496749e-52	5.95467478187422e-51	downregulated	MW2	DBIAII_02652
esaE (2601147-2601824)	818.933058327876	-2.66844903460336	0.178387496998226	-14.9587223292331	1.36623902677288e-50	6.51434395531493e-49	downregulated	MW2	esaE
DBIAII_02313 (2367206-2367976)	263.931025075208	-2.60631228519386	0.180324835944248	-14.4534293989302	2.38508471685338e-47	1.09081119397315e-45	downregulated	MW2	DBIAII_02313
metN1 (2752213-2753238)	628.119896451155	-2.1111895988936	0.150496307603502	-14.0281820365703	1.04803841041679e-44	4.60520407400789e-43	downregulated	MW2	metN1
DBIAII_02296 (2347939-2348412)	1370.30906867449	-2.24486287261167	0.160398441483924	-13.9955404294665	1.6596327251088e-44	7.15237872494004e-43	downregulated	MW2	DBIAII_02296
DBIAII_02505 (2589372-2590274)	3076.15844923332	-2.38734681163166	0.170794412815412	-13.9778975920706	2.1267831043258e-44	8.99268101281907e-43	downregulated	MW2	DBIAII_02505
cap8D (2432569-2434392)	820.433744601289	-3.71073103549137	0.265814447924133	-13.9598545694945	2.73992364146557e-44	1.13706831120821e-42	downregulated	MW2	cap8D
DBIAII_02618 (2703247-2703726)	2857.54426681734	-2.52784669847175	0.181793902238351	-13.9050136849886	5.90555669905076e-44	2.40624592046778e-42	downregulated	MW2	DBIAII_02618
tatC (2657512-2658213)	5564.10641092654	2.29115226425176	0.164933598924504	13.8913616097137	7.14637474711574e-44	2.859826037194e-42	upregulated	MW2	tatC
DBIAII_00461 (470536-470613)	17184.1850413435	2.44212373105229	0.183089397510396	13.3384224551486	1.38356425155041e-40	5.34580601331803e-39	upregulated	MW2	DBIAII_00461
ywqE (2233899-2234666)	1365.83894960798	3.53762843550349	0.268782712898631	13.1616665274067	1.45833324639997e-39	5.53919458505481e-38	upregulated	MW2	ywqE
esaA (2590889-2593918)	5325.1153215324	-2.65145663678577	0.203899073245252	-13.0037699268822	1.16457704369031e-38	4.34969525818331e-37	downregulated	MW2	esaA
dprA (700616-701488)	1496.40069471291	2.81125094195029	0.217518770250751	12.9241763306658	3.28798806946265e-38	1.20793135469931e-36	upregulated	MW2	dprA
sraP (2221787-2228614)	27597.0826909931	2.24713917220993	0.175149523301886	12.8298332181971	1.11604162260618e-37	3.96991948612771e-36	upregulated	MW2	sraP
cwrA (2105807-2105998)	2694.04066120526	4.31718904827279	0.33687508804727	12.8154001333188	1.3444303305267e-37	4.70760682923489e-36	upregulated	MW2	cwrA
DBIAII_01189 (1228375-1229343)	3152.77741774799	2.02050736332482	0.159522877956585	12.6659410186589	9.13186950424668e-37	3.05440590433087e-35	upregulated	MW2	DBIAII_01189
ldhD (2070460-2071452)	116235.146284678	4.08981977058159	0.32534936409544	12.570547915323	3.06591697642318e-36	1.01039999178887e-34	upregulated	MW2	ldhD
cap8E (2434382-2435410)	588.656162414317	-2.75110215310636	0.218927610088095	-12.5662640358579	3.23660486024899e-36	1.05119296982869e-34	downregulated	MW2	cap8E
DBIAII_00595 (606358-606555)	342.186971015113	2.43335038690257	0.196572027624136	12.3789249992138	3.3986448798676e-35	1.0727272078568e-33	upregulated	MW2	DBIAII_00595
psmA4 (2740084-2740146)	605.71690964781	-5.0668155963702	0.416170137712972	-12.17486584745	4.2308915283991e-34	1.26419038868565e-32	downregulated	MW2	psmA4
DBIAII_00190 (198028-198315)	603.895918217021	-5.14027074988251	0.429472808306786	-11.9687920875555	5.17769106658467e-33	1.4687602126856e-31	downregulated	MW2	DBIAII_00190
DBIAII_02340 (2401985-2402392)	826.534303548099	-2.15369310774184	0.180590100950938	-11.9258646869407	8.677828807506e-33	2.40086597007666e-31	downregulated	MW2	DBIAII_02340
DBIAII_00177 (186920-187363)	106.494523326308	-5.38275532901141	0.452082538011371	-11.906576512973	1.09376406387135e-32	2.95316297245263e-31	downregulated	MW2	DBIAII_00177
DBIAII_00179 (187963-188262)	7897.02299976705	-6.24678060934797	0.526799283165043	-11.8579899574216	1.95614804493888e-32	5.21872353417623e-31	downregulated	MW2	DBIAII_00179
essA (2593918-2594376)	833.414061776596	-2.58354284272174	0.218492480204644	-11.8244016466926	2.91975730214475e-32	7.60834431872836e-31	downregulated	MW2	essA
feoA (2099255-2099482)	368.762392369365	4.26405716853448	0.361028609926114	11.8108566781096	3.43048010499912e-32	8.83644358080808e-31	upregulated	MW2	feoA
sasC (1311095-1317655)	7720.87638782885	2.60316919658801	0.220937550156015	11.7823755841856	4.81175357846085e-32	1.22535679196941e-30	upregulated	MW2	sasC
arcD (2189571-2191001)	2609.62064674174	-2.03159767180763	0.176149879508123	-11.5333469286531	8.9591630335677e-31	2.20631696244233e-29	downregulated	MW2	arcD
cap8B (2431096-2431782)	518.060541836451	-3.45804743343367	0.305100456071566	-11.3341273820401	8.89138636792159e-30	2.11974434579918e-28	downregulated	MW2	cap8B
DBIAII_02368 (2430413-2430928)	211.473277052205	-4.74105989032109	0.420183558464004	-11.2833065331071	1.58667838887218e-29	3.74289080996059e-28	downregulated	MW2	DBIAII_02368
ceuD (249009-249770)	796.292898286523	2.21700564621016	0.204206307496516	10.8566952382114	1.85335444520426e-27	4.28182197082757e-26	upregulated	MW2	ceuD
DBIAII_00176 (186104-186793)	1625.61985635268	-5.23057498051859	0.485830266642113	-10.7662600287761	4.96772942519183e-27	1.13598792263825e-25	downregulated	MW2	DBIAII_00176
sceD (1641338-1642033)	676.048673916786	-2.28311311547126	0.212130831678672	-10.7627594603015	5.16014455394907e-27	1.16806908539393e-25	downregulated	MW2	sceD
crtM (2113412-2114275)	1420.15209576894	-2.82086488368775	0.263216128836409	-10.7169150164082	8.47841992085197e-27	1.88120188540884e-25	downregulated	MW2	crtM
lytR (2569637-2570377)	2561.32811403673	-2.23840369834048	0.211452522209251	-10.5858453470013	3.46637542666529e-26	7.46937243380472e-25	downregulated	MW2	lytR
ydhF (197085-197993)	4354.87549469655	-5.44400309717996	0.515146430103398	-10.5678750332935	4.19901057364908e-26	8.87734216561094e-25	downregulated	MW2	ydhF
lrgA (2570496-2570933)	10053.3811088799	-3.85809459145432	0.366666909547066	-10.5220691886817	6.8355661958179e-26	1.4316358733484e-24	downregulated	MW2	lrgA
DBIAII_01158 (1193055-1193528)	4398.02120733671	2.53597441281851	0.241832425527004	10.4864945521349	9.96574009275395e-26	2.06789106924644e-24	upregulated	MW2	DBIAII_01158
cap8G (2436536-2437660)	557.169352718198	-2.50216034579288	0.244586273824116	-10.2301748445303	1.45256887795529e-24	2.93261878873676e-23	downregulated	MW2	cap8G
DBIAII_02346 (2407384-2408622)	1373.35370462003	2.42351316994652	0.240452307809311	10.0789765422774	6.84352150125797e-24	1.32209755899303e-22	upregulated	MW2	DBIAII_02346
tenA (1640125-1640814)	493.235090579031	2.33262650026284	0.234734502004998	9.93729716057323	2.86495059618174e-23	5.48748229576348e-22	upregulated	MW2	tenA
secY2 (2220446-2221657)	1206.80654867985	2.18559832646899	0.219967573051196	9.93600236685937	2.90241981402127e-23	5.51213796883192e-22	upregulated	MW2	secY2
ykoE (521293-521868)	12642.488605989	2.5078087726478	0.252834401685637	9.91877986511463	3.44947009275297e-23	6.44188539821617e-22	upregulated	MW2	ykoE
hfq (767468-767701)	2249.32861736425	2.21938192469062	0.226159925245635	9.81332975893111	9.86582046939652e-23	1.79750436357054e-21	upregulated	MW2	hfq
lip1 (2241468-2243513)	2224.62256646208	-2.76417352662036	0.282426316388439	-9.78723782531164	1.27737753729892e-22	2.30855085571523e-21	downregulated	MW2	lip1
cap8C (2431785-2432549)	470.945750872094	-3.55744668463141	0.367072613825909	-9.6913976980004	3.28008689107109e-22	5.78793285266954e-21	downregulated	MW2	cap8C
ppnN (188980-189546)	3918.93122986678	-5.45476672158728	0.565179736083159	-9.65138410550635	4.8496680147087e-22	8.23341365224409e-21	downregulated	MW2	ppnN
ssaA (2117594-2118361)	2779.56272058947	-2.44731777006639	0.256770531550923	-9.53114734500223	1.55554392969709e-21	2.58220292329717e-20	downregulated	MW2	ssaA
thiE (1637884-1638525)	466.366792828758	2.03207965684007	0.215181599018328	9.44355681949827	3.60335459590604e-21	5.85153452856916e-20	upregulated	MW2	thiE
ftnA (1460369-1460869)	44500.8359528522	-2.51071657352251	0.266092632158203	-9.43549828177798	3.89140224391481e-21	6.27383627957777e-20	downregulated	MW2	ftnA
pyrB (643999-644880)	5304.67237229693	-2.11803100460801	0.224778177227712	-9.42276083350534	4.3938009429841e-21	6.98333894555132e-20	downregulated	MW2	pyrB
metL1 (790358;865823-791740;867028)	4763.20544792321	-3.61580781363346	0.384041675256116	-9.41514436218955	4.72432742120125e-21	7.45578714852957e-20	downregulated	MW2	metL1
esxA (2590513-2590806)	19319.0122840351	-2.1356067788951	0.22849616452281	-9.34635722816216	9.07183977781518e-21	1.4020684787644e-19	downregulated	MW2	esxA
DBIAII_00594 (606228-606374)	153.62664321687	2.76048672567663	0.301716074322477	9.14928623499919	5.73109502951104e-20	8.67796213590152e-19	upregulated	MW2	DBIAII_00594
thiM (1638518-1639318)	696.615830878064	2.03194305432198	0.222897535594337	9.11604091496113	7.79188442807852e-20	1.16410753355493e-18	upregulated	MW2	thiM
essC (2595959-2600398)	3520.9358503752	-2.0231943860816	0.222955145011321	-9.07444583070225	1.14257435118826e-19	1.67353537321103e-18	downregulated	MW2	essC
uraA (642664-643971)	7470.04747051213	-2.40016462447214	0.269686074940469	-8.89984633059736	5.59240608707505e-19	7.93201395008557e-18	downregulated	MW2	uraA
trpF (842642-843277)	222.952891299469	-2.58886454956302	0.292486900283483	-8.85121537769333	8.65713079110843e-19	1.21253938142962e-17	downregulated	MW2	trpF
lytS (2567880-2569634)	6237.22333547154	-2.41392910167579	0.273999567544592	-8.80997412991514	1.25174743938993e-18	1.72096074335756e-17	downregulated	MW2	lytS
cntL (2012287-2013105)	237.246081832876	-2.1443460606611	0.243733660091888	-8.79790694421393	1.39391549368094e-18	1.88178591646927e-17	downregulated	MW2	cntL
DBIAII_02017 (2031760-2032026)	2066.51398614671	-2.01026129393786	0.228982630930741	-8.77909947041305	1.64788740896598e-18	2.18515720916732e-17	downregulated	MW2	DBIAII_02017
crtQ (2114312-2115439)	1987.68489609817	-2.86935906940901	0.331727828254128	-8.64973880699233	5.1617433710144e-18	6.6479694795651e-17	downregulated	MW2	crtQ
essB (2594603-2595937)	626.123254720848	-2.02105565138713	0.235616568894681	-8.57773144252232	9.67625447919835e-18	1.23911350216477e-16	downregulated	MW2	essB
esxD (2601830-2602141)	250.000363819233	-2.5821925124872	0.303344048498313	-8.51242186972248	1.70337535973624e-17	2.12070232287162e-16	downregulated	MW2	esxD
thiD (1639302-1640132)	688.947637775514	2.08698500284353	0.245998379360091	8.48373476391329	2.1807855962935e-17	2.70007763607389e-16	upregulated	MW2	thiD
DBIAII_00256 (270837-271676)	1742.23694971223	2.46518490222492	0.294038732776781	8.38387813382517	5.12118143614409e-17	6.27134841442563e-16	upregulated	MW2	DBIAII_00256
mtlD (1700991-1702097)	5675.95567442803	-2.07699707355305	0.247825004475129	-8.38090199151592	5.25236231746111e-17	6.3970347572991e-16	downregulated	MW2	mtlD
lrgB (2570926-2571627)	17472.0029873741	-3.10635987797756	0.371241382078782	-8.36749357138841	5.88567333639352e-17	7.12961834965291e-16	downregulated	MW2	lrgB
argG (391609-392814)	66408.3489878687	-3.32567243947477	0.397914683175604	-8.35775250346093	6.3924378752373e-17	7.70185660129397e-16	downregulated	MW2	argG
ceuC (248056-249012)	659.314132503218	2.50999196597331	0.302717290516168	8.29153815989001	1.11793254958845e-16	1.31857202296196e-15	upregulated	MW2	ceuC
seh (2346318-2347043)	3263.06985756258	-3.1514561109125	0.381971332338472	-8.25050427637836	1.57727532947708e-16	1.8314373126208e-15	downregulated	MW2	seh
asp1 (2218882-2220435)	1676.71490321602	2.12817972059655	0.259314975763546	8.20692948538812	2.26916743262873e-16	2.58287224414253e-15	upregulated	MW2	asp1
agrA (1574427-1575143)	61814.4301904581	-3.52590257582979	0.432034169218515	-8.16116600732672	3.31805765988488e-16	3.73656644010151e-15	downregulated	MW2	agrA
dapB (868967-869689)	773.26831838424	-2.40451153316931	0.302720618064937	-7.94300549641952	1.97340196885633e-15	2.16784010402305e-14	downregulated	MW2	dapB
aur (2194533-2196062)	1751.31868438079	-2.13238467462454	0.269757375884764	-7.90482435422065	2.68311658998871e-15	2.933104525934e-14	downregulated	MW2	aur
ceuB (247056-248069)	1021.98447523728	2.63157694769315	0.339904135172044	7.74211513008268	9.77763881541654e-15	1.02871777396002e-13	upregulated	MW2	ceuB
trpC (841863-842645)	405.880576150909	-3.0125066078197	0.394402245495963	-7.63815785082932	2.20351613674683e-14	2.26517415708699e-13	downregulated	MW2	trpC
pstS (860347-861330)	235.590059893787	2.82390389779397	0.371520872370077	7.60092933616133	2.94011630536663e-14	2.9813577558039e-13	upregulated	MW2	pstS
ehuA (1417099-1417827)	9630.81116367436	-2.65494184164254	0.351447214552835	-7.55431180474874	4.21080327563538e-14	4.21268309852629e-13	downregulated	MW2	ehuA
DBIAII_00183 (190009-190692)	9768.8623298422	-6.53366559828493	0.867210862647711	-7.53411411192057	4.91661179650486e-14	4.8752774495431e-13	downregulated	MW2	DBIAII_00183
agrB (1572330-1572947)	65293.7609389069	-3.97126128400996	0.527953651877794	-7.52198847358139	5.39493417288429e-14	5.32601210635845e-13	downregulated	MW2	agrB
cap8F (2435423-2436532)	595.883621964916	-2.28358562912435	0.306448427580084	-7.45177792934697	9.20906446946576e-14	9.05154099827753e-13	downregulated	MW2	cap8F
natK (1573116-1574408)	86867.0571973042	-3.89500584414883	0.535420633406497	-7.27466519055813	3.4728067934522e-13	3.25994142533292e-12	downregulated	MW2	natK
yaiI (189548-190006)	2651.49319198401	-5.84158688232474	0.831015237419474	-7.02945820881027	2.0733704075376e-12	1.85856923331671e-11	downregulated	MW2	yaiI
esxB (2600836-2601150)	253.901285641536	-2.3037060937109	0.333182571429868	-6.91424549556852	4.70360018067437e-12	4.11748750191065e-11	downregulated	MW2	esxB
DBIAII_00178 (187430-187825)	5697.22865573556	-5.90812745472533	0.858755740034862	-6.87986953599342	5.99073998809218e-12	5.14377330012053e-11	downregulated	MW2	DBIAII_00178
DBIAII_00608 (616930-617064)	336.003853571455	-3.92219858620655	0.578927894609077	-6.77493453455897	1.24462604787305e-11	1.05253093331453e-10	downregulated	MW2	DBIAII_00608
agrD (1572951-1573091)	690.198538929644	-3.17313309990464	0.470699128146523	-6.74131926353788	1.56954891666439e-11	1.30756844693119e-10	downregulated	MW2	agrD
argH (390240-391619)	52152.4735029939	-2.71659807231109	0.405190766829678	-6.7044915499099	2.02108849163155e-11	1.66516886387732e-10	downregulated	MW2	argH
lacA (1752958-1753386)	368.183498653227	2.03110340021415	0.30527572414941	6.65334070002917	2.86513900594289e-11	2.34334909208686e-10	upregulated	MW2	lacA
asd (867092-868081)	2614.52607238869	-3.62067956713705	0.545050156800864	-6.64283740121899	3.07701233472137e-11	2.50748532440385e-10	downregulated	MW2	asd
cydD (191958-193589)	4724.4850628536	-5.50278915588522	0.863469332601172	-6.37288314491525	1.85507232010452e-10	1.40446522613319e-09	downregulated	MW2	cydD
DBIAII_01714 (1740524-1740763)	13527.8622479266	-2.60038517758945	0.408732192691719	-6.36207576522057	1.99045208733203e-10	1.49684668715137e-09	downregulated	MW2	DBIAII_01714
dapA (868083-868970)	1369.287038402	-2.85765826133257	0.454678767500853	-6.28500485527337	3.27843445630528e-10	2.36999084405811e-09	downregulated	MW2	dapA
nrdD (2167800-2169650)	8272.12031308826	-2.34268766833651	0.372793453187658	-6.28414380216395	3.29665453893408e-10	2.37549929959848e-09	downregulated	MW2	nrdD
amaP (1740776-1741312)	47964.4327747721	-2.5523901929457	0.408094899807693	-6.25440355698751	3.99037958305973e-10	2.86616687360156e-09	downregulated	MW2	amaP
fetB (1997179-1997955)	5435.77431042415	-2.37347257801841	0.383694236662052	-6.18584370374294	6.17711878302225e-10	4.31243713169871e-09	downregulated	MW2	fetB
pstC (859230-860156)	193.088262802318	2.13459351144009	0.347937967031886	6.13498299610536	8.51683032457023e-10	5.83676353436143e-09	upregulated	MW2	pstC
uppP (190864-191739)	5451.88817010465	-5.40877612650519	0.883729961533344	-6.12039464761444	9.33438817054633e-10	6.37754996652266e-09	downregulated	MW2	uppP
vraX (85455-85622)	6390.60844566345	2.07768130960139	0.350881005663573	5.92132739038454	3.19353380277441e-09	2.05063302350071e-08	upregulated	MW2	vraX
psmA3 (2740210-2740278)	586.211363938787	-5.12262035404197	0.869651168280393	-5.89043117618205	3.85189267434015e-09	2.45928532284794e-08	downregulated	MW2	psmA3
cydC (193586-195259)	5373.03233647591	-5.11074455331233	0.870199622409205	-5.87307144441513	4.27793994481389e-09	2.71582533040451e-08	downregulated	MW2	cydC
DBIAII_02391 (2452138-2452650)	6793.8279740845	2.20373241378707	0.375688967060251	5.8658427768885	4.46857075892556e-09	2.82086396359216e-08	upregulated	MW2	DBIAII_02391
hld (1572014-1572148)	55715.7090288556	-6.48005363214115	1.11698223359336	-5.80139364553245	6.5766004675683e-09	4.12833659602817e-08	downregulated	MW2	hld
opp3C (423244-424314)	2182.91834912474	-2.26936784726768	0.401209580489724	-5.65631519690444	1.54657333436353e-08	9.39260390869557e-08	downregulated	MW2	opp3C
psmA2 (2740330-2740395)	15.5319672775861	-7.27511799947433	1.29003541495951	-5.6394715331925	1.70572847170866e-08	1.0248089826003e-07	downregulated	MW2	psmA2
crtP (2115445-2116938)	2104.22828820472	-2.03776485428555	0.371144676877603	-5.49048654403191	4.00828028741859e-08	2.3032195190013e-07	downregulated	MW2	crtP
asp23 (1739952-1740461)	76177.1788041036	-2.10684016324079	0.402064913628358	-5.24004978257868	1.60533284184284e-07	8.56559737754716e-07	downregulated	MW2	asp23
DBIAII_00174 (184300-185520)	3478.54258168014	-4.47527178916687	0.871957808289972	-5.13244075185643	2.86008774862271e-07	1.46669488436235e-06	downregulated	MW2	DBIAII_00174
DBIAII_01132 (1166962-1167108)	1561.33839895681	-2.01829502714626	0.4224691797387	-4.77737814719311	1.77595603697061e-06	8.29149474760654e-06	downregulated	MW2	DBIAII_01132
mgrA (195386-195829)	41657.2094868387	-4.94972803025903	1.04415846169542	-4.74039928979941	2.13297453529366e-06	9.89647191220102e-06	downregulated	MW2	mgrA
DBIAII_00175 (185517-186005)	585.667568763151	-3.80191673197184	0.875411788072623	-4.34300381120347	1.40547694960604e-05	5.70593087693322e-05	downregulated	MW2	DBIAII_00175
DBIAII_00607 (616739-616873)	7503.8026239928	-4.6096718435032	1.2988737071267	-3.54897617698372	0.000386732066784026	0.00122583672088119	downregulated	MW2	DBIAII_00607
